http://dbpedia.org/page/Java_(programming_language),java,ява,джава
http://dbpedia.org/resource/Football,футбол,футбольчик,football
Android,мобильные разработки,андроид,android
Fujitsu,Fujitsu,GDC,лаборатория Fujitsu
http://dbpedia.org/resource/Python_(programming_language),питон,python,змей
http://dbpedia.org/resource/Terminator,терминатор
http://dbpedia.org/resource/Harry_Potter,поттер,гарри потер
http://dbpedia.org/resource/Jazz,джаз,jazz,,,,,,,,,,,,,,,,,,,,,,,
http://dbpedia.org/resource/Carnival_of_Rust_(song),Poets Of The Fall,Carnival of Rust,,,,,,,,,,,,,,,,,,,,,,,
http://dbpedia.org/resource/Loca_(Shakira_song),Шакира,лока,Shakira,Loca,لوكا (البوم),Loca (Lied),Loca (canción de Shakira),Loca,Loca (Shakira song),Loca,Loca (Shakira),Loca,,,,,,,,,,,,,
http://dbpedia.org/resource/Katyusha_(song),Катюша,,,,,,,,,,,,,,,,,,,,,,,,
http://dbpedia.org/resource/Carmina_Burana_(Orff),Carmina Burana,Carl Orff,,,,,,,,,,,,,,,,,,,,,,,
http://dbpedia.org/resource/The_Star_Called_Sun,Звезда по имени солнце,Звезда,,,,,"
",,,,,,,,,,,,,,,,,,
http://dbpedia.org/resource/Roadrunner_(Jonathan_Richman_song),The Modern Lovers,Roadrunner,Jonathan Richman,Richman,,,,,,,,,,,,,,,,,,,,,
http://dbpedia.org/resource/The_Girl_from_Ipanema,The Girl from Ipanema,The Girl from Ipanema,Garota de Ipanema,A Garota de Ipanema,Garota de Ipanema,イパネマの娘,Garota de Ipanema,The Girl from Ipanema,Garota de Ipanema,Garota de Ipanema,伊帕內瑪姑娘,,,,,,,,,,,,,,
http://dbpedia.org/resource/Law_Abiding_Citizen,Law Abiding Citizen,Gesetz der Rache,Law Abiding Citizen,Giustizia privata (film 2009),Que justice soit faite,完全なる報復,Law Abiding Citizen,Prawo zemsty,Law Abiding Citizen,Законопослушный гражданин,,,,,,,,,,,,,,,
http://dbpedia.org/resource/Troy_(film),Троя,фильм Троя,кинофильм Троя,Троя кино,,,,,,,,,,,,,,,,,,,,,
http://dbpedia.org/resource/Heavy_Rain,Heavy Rain,человек дождя,фильм Heavy Rain,фильм человек дождя,кинофильм Heavy Rain,кинофильм человек дождя,Heavy Rain кино,человек дождя кино,,,,,,,,,,,,,,,,,
http://dbpedia.org/resource/The_Master_and_Margarita,Мастер и Маргарита,книга Мастер и Маргарита,роман Мастер и Маргарита,,,,,,,,,,,,,,,,,,,,,,
http://dbpedia.org/resource/It%27s_My_Life_(Bon_Jovi_song),Bon Jovi,Mi Life,,,,,,,,,,,,,,,,,,,,,,,
http://dbpedia.org/resource/Biathlon,биатлон,лыжи,стрельба,,,,,,,,,,,,,,,,,,,,,,
http://dbpedia.org/resource/Warrior_(2011_film),воин,Warrior,фильм воин,фильм Warrior,воин кинофильм,Warrior кинофильм,воин кино,Warrior кино,,,,,,,,,,,,,,,,,
http://dbpedia.org/resource/A_Song_of_Ice_and_Fire,книга,песнь льда и огня,песнь льда и пламени,фэнтези,роман,роман-фэнтези,,,,,,,,,,,,,,,,,,,
http://dbpedia.org/resource/Perfect_World,игра,ролевая игра,онлайн-игра,perfect world,Идеальный мир,многопользовательская игра,китайская игра,,,,,,,,,,,,,,,,,,
http://dbpedia.org/resource/Breaking_Bad,фильм,телесериал,американский телесериал,,во все тяжкие,breaking bad,сериал,американский сериал,американский,,,,,,,,,,,,,,,,
http://dbpedia.org/resource/Fields_of_Gold,песня,стинг,Fields of gold,,,,,,,,,,,,,,,,,,,,,,
http://dbpedia.org/resource/Social_dance,спорт,танец,народный танец,социальный танец ,Social dance,танцевальный стиль,стиль танца,стиль,парные танцы,,,,,,,,,,,,,,,,
http://dbpedia.org/resource/True_Detective_(TV_series),Детектив,детектив сериал,сериал детектив,محقق فذ (مسلسل),True Detective,True Detective,True Detective,True Detective,True Detective,Detektyw (serial telewizyjny 2014),True Detective,Настоящий детектив,True Detective (TV series),,,,,,,,,,,,
http://dbpedia.org/resource/Jane_Austen,Остин,Джейн,Jane Austen,جاين أوستن,Jane Austen,Jane Austen,Jane Austen,Jane Austen,ジェーン・オースティン,Jane Austen,Jane Austen,Jane Austen,"Остин, Джейн",简·奥斯丁,,,,,,,,,,,
http://dbpedia.org/resource/The_Secret_Garden,The Secret Garden,الحديقة السرية,Der geheime Garten,El jardín secreto,Il giardino segreto (Burnett),Le Jardin secret,秘密の花園,De geheime tuin,Tajemniczy ogród,O Jardim Secreto,Таинственный сад (книга),秘密花園 (英語小說),,,,,,,,,,,,,
http://dbpedia.org/resource/Prison_Break,Prison Break,بريزون بريك,Prison Break,Prison Break,Prison Break,Prison Break,プリズン・ブレイク,Prison Break,Skazany na śmierć,Prison Break,"Побег (телесериал, 2005)",越狱 (电视剧),Побег,Побег сериал,,,,,,,,,,,
http://dbpedia.org/resource/Witcher,The Witcher,Saga o wiedźminie,The Witcher,Ведьмак (серия романов),Ведьмак,,,,,,,,,,,,,,,,,,,,
http://dbpedia.org/resource/TaleWorlds_Entertainment,TaleWorlds Entertainment,TaleWorlds,,,,,,,,,,,,,,,,,,,,,,,
http://dbpedia.org/resource/The_Elder_Scrolls_IV:_Knights_of_the_Nine,TES 4,TES IV,The Elder Scrolls IV,Knights of the Nine,The Elder Scrolls IV: Knights of the Nine,,ТЕС 4,ТЕС IV,oblivion,,,,,,,,,,,,,,,,
http://dbpedia.org/resource/Mobile,мобильный,телефон ,сотовый,мобильный телефон,мобильник,,,,,,,,,,,,,,,,,,,,
http://dbpedia.org/resource/Lord_of_the_Flies,книга,повелитель мух,роман,аллегорический роман,роман-парабола,1954,the lord of the flies,,,,,,,,,,,,,,,,,,
http://dbpedia.org/resource/Mac_OS,операционная система,mac os,mac ос,МакОсь,ЯблоОсь,ЕблоОсь,Макос,,,,,,,,,,,,,,,,,,
http://dbpedia.org/resource/Athletics_(British),спорт,бег,прыжки ,метание,прыжки в длину,прыжки с места,спортивная хотьба,атлетика,легкая атлетика,,,,,,,,,,,,,,,,
http://dbpedia.org/resource/The_Hurt_Locker,фильм,повелитель бури,художественный фильм,,the hurt locker,,,,,,,,,,,,,,,,,,,,
http://dbpedia.org/resource/Alice%27s_Adventures_in_Wonderland,фильм,алиса в стране чудес,сказка,приключенческая сказка,приключения,алиса в зазеркалье,кино,детское кино,детский фильм,детская сказка,Alice adventures in wonderland,Alice in wonderland,,,,,,,,,,,,,
http://dbpedia.org/resource/No_Man%27s_Sky,игра,компьютерная игра,no man`s  sky,фантастика,научная фантастика,,,,,,,,,,,,,,,,,,,,
http://dbpedia.org/resource/AC/DC,рок-группа,музыкальная группа,ac/dc,ac dc,переменный/постоянный ток,австралийская рок-группа,,хеви-метал,,,,,,,,,,,,,,,,,
http://dbpedia.org/resource/Right_Here_in_My_Arms,песня,right here in my arms,финская песня,,,,,,,,,,,,,,,,,,,,,,
http://dbpedia.org/resource/The_Heinrich_Maneuver,песня,прием генриха,the heinrich maneuver,,,,,,,,,,,,,,,,,,,,,,
http://dbpedia.org/resource/National_Anthem_(song),песня ,национальный гимн,national anthem,,,,,,,,,,,,,,,,,,,,,,
http://dbpedia.org/resource/The_Diary_of_Jane,песня ,сингл,дневник джейн,the diary of jane,,,,,,,,,,,,,,,,,,,,,
http://dbpedia.org/resource/The_Funeral,Funeral (disambiguation),Funeral,Funeral (desambiguação),Funeral (значения),фонтан,,,,,,,,,,,,,,,,,,,,
http://dbpedia.org/resource/I_Hate_Everything_About_You,I Hate Everything About You,I Hate Everything About You,I Hate Everything About You,I Hate Everything About You,I Hate Everything About You,I Hate Everything About You,,,,,,,,,,,,,,,,,,,
http://dbpedia.org/resource/Kveikur,Kveikur,Kveikur,Kveikur,Kveikur,Kveikur,Kveik,квеикур,,,,,,,,,,,,,,,,,,
http://dbpedia.org/resource/Summer_Paradise,Summer Paradise,Summer Paradise,Summer Paradise,Summer Paradise,Summer paradise,Summer Paradise,Summer Paradise,Summer Paradise,Летний остров,,,,,,,,,,,,,,,,
http://dbpedia.org/resource/For_Elsie,К Элизе,For Elise,,,,,,,,,,,,,,,,,,,,,,,
http://dbpedia.org/resource/Yesterday_(Beatles_song),yesterday,Beatles,Битлы,Битлз,,,,,,,,,,,,,,,,,,,,,
http://dbpedia.org/page/Java_(programming_language),Java,жаба,ява,джава,жава,,,,,,,,,,,,,,,,,,,,
http://en.wikipedia.org/wiki/Soulless_(film),фильм,кино,Бездушный,Дукслес,духлесс,духless,фильм с сергеем минаевым,,,,,,,,,,,,,,,,,,
http://dbpedia.org/page/Stronghold:_Crusader(game),игра,компьютерная игра,стратегия,Stronghold Crusader,игра для виндовс,компьютерная игра для виндовс,игра для windows,компьютерная игра для windows,,,,,,,,,,,,,,,,,
http://dbpedia.org/page/The_Seven_Habits_of_Highly_Effective_People,книга,the seven habits of highly effective people,семь навыков высокоэффективных людей,книга Стивена Кови,Стиивен Кови,Кови,The 7 Habits of Highly Effective People: Restoring the Character Ethic,,,,,,,,,,,,,,,,,,
http://dbpedia.org/page/Football,Ногомяч,football,soccer,piłka nożna,nogomet,футбол,футбик,,,,,,,,,,,,,,,,,,
http://dbpedia.org/resource/The_Elder_Scrolls_V:_Skyrim,скайрим,Tes,tes V,tes 5,skyrim,The Elder Scrolls V: Skyrim,The Elder Scrolls V,,,,,,,,,,,,,,,,,,
http://dbpedia.org/resource/Harry_Potter_(film_series),Harry Potter,Гарри Поттер,,Узник Азкабана,Тайная Комната,Философский камень,Кубок огня,Орден феникса,Принц-полукровка,Дары смерти,Гарри Джеймс Поттер,Harry James Potter,Гарри Поттер и философский камень,Harry Potter and the Philosopher's Stone,Harry Potter and the Sorcerer's Stone,Philosopher's Stone,Гарри Поттер и тайная комната,Harry Potter and the Chamber of Secrets,Chamber of Secrets,Гарри Поттер и узник Азкабана,Harry Potter and the Prisoner of Azkaban,Prisoner of Azkaban,Гарри Поттер и Кубок огня,Harry Potter and the Goblet of Fire,the Goblet of Fire
http://dbpedia.org/resource/Football,Ногомяч,football,soccer,piłka nożna,nogomet,футбол,futball,,,,,,,,,,,,,,,,,,
http://dbpedia.org/resource/Computer_programming,Computer programming,Программирование,кодинг,,,,,,,,,,,,,,,,,,,,,,
http://dbpedia.org/resource/Athletics,спорт,бег,прыжки ,метание,прыжки в длину,прыжки с места,спортивная хотьба,атлетика,легкая атлетика,,,,,,,,,,,,,,,,
http://dbpedia.org/resource/Men_in_Black_(film),Люди в чёрном,люди в черном,ЛВЧ,MIB,Men in black,,,,,,,,,,,,,,,,,,,,
http://dbpedia.org/resource/Qt_(software),qt,среда разработки,бибилиотека QT,библиотека с++,с++,,,,,,,,,,,,,,,,,,,,
http://dbpedia.org/resource/World_of_Tanks,WOT,World of Tanks,Мир Танков,танчики,,,,,,,,,,,,,,,,,,,,,
http://dbpedia.org/resource/Defense_of_the_Ancients,Defence of the Ancients,DotA,Дота,дотка,задрота,гидота,,,,,,,,,,,,,,,,,,,
http://dbpedia.org/resource/Достучаться_до_небес_(фильм),фильм,кино,достучаться до небес,,,,,,,,,,,,,,,,,,,,,,
http://dbpedia.org/resource/Футбол,спорт,футбол,Ногомяч,football,soccer,piłka nożna,nogomet,футбик,,,,,,,,,,,,,,,,,
http://dbpedia.org/resource/Война_и_мир,книга,фильм,классическая литература,русская классика,русская классическая литература,роман,роман-эпопея,лев николаевич толстой,книга льва николаевича толстого,роман льва николаевича толстого,книга на русском,книга на русском языке,,,,,,,,,,,,,
http://dbpedia.org/resource/Собор_Парижской_Богоматери,книга,фильм,роман,французский роман,виктор мари гюго,,,,,,,,,,,,,,,,,,,,
http://dbpedia.org/resource/Эффект_бабочки_(фильм),фильм,Эффект бабочки,кино,,,,,,,,,,,,,,,,,,,,,,
http://dbpedia.org/resource/Бесы_(роман),книга,Бесы,роман,,,,,,,,,,,,,,,,,,,,,,
http://dbpedia.org/resource/Пока_не_сыграл_в_ящик,фильм,Пока не сыграл в ящик,,,,,,,,,,,,,,,,,,,,,,,
http://dbpedia.org/resource/Face_to_Face_(Daft_Punk_song),Face to Face,daft punk,,,,,,,,,,,,,,,,,,,,,,,
http://dbpedia.org/resource/StarCraft,StarCraft,cтаркрафт,,,,,,,,,,,,,,,,,,,,,,,
http://dbpedia.org/resource/Get_Lucky_(Daft_Punk_song),get lucky,,,,,,,,,,,,,,,,,,,,,,,,
http://dbpedia.org/resource/Wushu_(sport),wushu,ушу,,,,,,,,,,,,,,,,,,,,,,,
http://dbpedia.org/resource/Back_to_the_Future,Назад в будущее,Back to the Future,,,,,,,,,,,,,,,,,,,,,,,
http://dbpedia.org/resource/RF_Online,RF,RF онлайн,RF online,,,,,,,,,,,,,,,,,,,,,,
http://dbpedia.org/resource/Animal_Magic_(Bonobo_album),Animal Magic,,,,,,,,,,,,,,,,,,,,,,,,
http://dbpedia.org/resource/Trip_hop,Trip Hop,Трип хоп,Trip-Hop,Трип-хоп,,,,,,,,,,,,,,,,,,,,,
http://dbpedia.org/resourse/Katyusha_(song),Катюша,,,,,,,,,,,,,,,,,,,,,,,,
http://dbpedia.org/resource/The_Book_Thief_(film),Воровка книг,The Book Thief,Book Thief,Книжный вор фильм,,,,,,,,,,,,,,,,,,,,,
http://dbpedia.org/resource/The_Grand_Budapest_Hotel,Отель «Гранд Будапешт»,Отель Гранд Будапешт,Гранд Будапешт,The Grand Budapest Hotel,Grand Budapest Hotel,,,,,,,,,,,,,,,,,,,,
http://dbpedia.org/resource/Headhunters_(film),Охотники за головами,headhunters,,,,,,,,,,,,,,,,,,,,,,,
http://dbpedia.org/resource/Grand_Theft_Auto_V,GTA V,GTA,ГТА,GTA 5,ГТА 5,Grand Theft Auto 5,Grand Theft Auto V,,,,,,,,,,,,,,,,,,
http://dbpedia.org/resource/The_Little_Prince,The Little Prince,Little Prince,Маленький принц,,,,,,,,,,,,,,,,,,,,,,
http://dbpedia.org/resource/The_Gulag_Archipelago,The Gulag Archipelago,Gulag Archipelago,Архипелаг ГУЛАГ,,,,,,,,,,,,,,,,,,,,,,
http://dbpedia.org/resource/Basketball,баскет,баскетбол,basketball,,,,,,,,,,,,,,,,,,,,,,
http://dbpedia.org/resource/The_Stranger_(novel),The Stranger,Stranger,Посторонний,Чужой,Незнакомец,,,,,,,,,,,,,,,,,,,,
http://dbpedia.org/resource/In_Search_of_Lost_Time,В поисках утраченного времени,À la recherche du temps perdu,In search of lost time,,,,,,,,,,,,,,,,,,,,,,
http://dbpedia.org/resource/Total_War:_Rome_II,Total War: Rome II,Rome II,Rome 2,Total War: Rome 2,Тотальная война: Рим II,Рим II,Рим 2,,,,,,,,,,,,,,,,,,
http://dbpedia.org/resource/Running,Бег,Running,,,,,,,,,,,,,,,,,,,,,,,
http://dbpedia.org/resource/Need_for_Speed,Need for speed,nfs,Жажда скорости,,,,,,,,,,,,,,,,,,,,,,
http://dbpedia.org/resource/Interstellar_(film),Interstellar,интерстеллар,,,,,,,,,,,,,,,,,,,,,,,
http://dbpedia.org/resource/Eugene_Onegin,Онегин,Евгений Онегин,Eugene Onegin,Onegin,,,,,,,,,,,,,,,,,,,,,
http://dbpedia.org/resource/Harry_Potter,Harry Potter,Гарри Поттер,Хогвартс,Узник Азкабана,Тайная Комната,Философский камень,Кубок огня,Орден феникса,Принц-полукровка,Дары смерти,Гарри Джеймс Поттер,Harry James Potter,Гарри Поттер и философский камень,Harry Potter and the Philosopher's Stone,Harry Potter and the Sorcerer's Stone,Philosopher's Stone,Гарри Поттер и тайная комната,Harry Potter and the Chamber of Secrets,Chamber of Secrets,Гарри Поттер и узник Азкабана,Harry Potter and the Prisoner of Azkaban,Prisoner of Azkaban,Гарри Поттер и Кубок огня,Harry Potter and the Goblet of Fire,the Goblet of Fire
http://dbpedia.org/resource/Call_of_Duty,COD,call of duty,Зов долга,Чувство долга,,,,,,,,,,,,,,,,,,,,,
http://dbpedia.org/resource/The_Fast_and_the_Furious,The Fast and the Furious,Форсаж,Fast and the Furious,Быстрые и Яростные,,,,,,,,,,,,,,,,,,,,,
http://dbpedia.org/resource/The_Avengers_(2012_film),The Avengers,Avengers,Мстители,,,,,,,,,,,,,,,,,,,,,,
http://dbpedia.org/resource/Warcraft_III:_Reign_of_Chaos,warcraft,warkraft,варкрафт,,,,,,,,,,,,,,,,,,,,,,
http://dbpedia.org/resource/Haskell_(programming_language),Haskell,хаскель,,,,,,,,,,,,,,,,,,,,,,,
http://dbpedia.org/resource/Grand_Theft_Auto:_Vice_City,GTA,GTA vice city,gta vc,Grand Theft Auto: Vice City,,,,,,,,,,,,,,,,,,,,,
http://dbpedia.org/resource/Heaven_Has_No_Favorites,Жизнь взаймы,Geborgtes Leben,Heaven Has No Favorites,,,,,,,,,,,,,,,,,,,,,,
http://dbpedia.org/resource/Card_flourish,Card flourish,,,,,,,,,,,,,,,,,,,,,,,,
http://dbpedia.org/resource/Civilization_V,Цивилизация V,Цивилизация 5,Цивилизация,Civilization V,Civilization 5,Civilization,,,,,,,,,,,,,,,,,,,
http://dbpedia.org/resource/War_and_Peace,Война и мир,War and peace,,,,,,,,,,,,,,,,,,,,,,,
http://dbpedia.org/resource/The_Storm_(play),Гроза,The Storm,,,,,,,,,,,,,,,,,,,,,,,
http://dbpedia.org/resource/Figure_skating,Фигурное катание,Катание на коньках,Figure skating,,,,,,,,,,,,,,,,,,,,,,
http://dbpedia.org/resource/Requiem_for_a_Dream,Реквием по мечте,Requiem for a Dream,,,,,,,,,,,,,,,,,,,,,,,
http://dbpedia.org/resource/The_Sims_2,симс,симс 2,Sims,Sims 2,the sims,the sims 2,,,,,,,,,,,,,,,,,,,
http://dbpedia.org/resource/The_Headless_Horseman_(novel),Всадник без гловы,The headless horseman,,,,,,,,,,,,,,,,,,,,,,,
http://dbpedia.org/resource/Al-Nas,Сура Люди,سورة الناس‎‎,Sura An-Nās,Сура Ан-Нас,,,,,,,,,,,,,,,,,,,,,
http://dbpedia.org/resource/The_Shawshank_Redemption,побег из шоушенка,The Shawshank Redemption,,,,,,,,,,,,,,,,,,,,,,,
http://dbpedia.org/resource/Ar-Rahman,Сура Ар-Рахман,سورة الرحمن‎‎,Сура Милосердный,Сура Состродательный,,,,,,,,,,,,,,,,,,,,,
http://dbpedia.org/resource/BioShock_Infinite,Bioshock,биошок,,,,,,,,,,,,,,,,,,,,,,,
http://dbpedia.org/resource/Alan_Wake,Alan Wake,Алан Уэйк,,,,,,,,,,,,,,,,,,,,,,,
http://dbpedia.org/resource/5_Centimeters_Per_Second,5 Centimeters Per Second,Пять сантиметров в секунду,,,,,,,,,,,,,,,,,,,,,,,
http://dbpedia.org/resource/Ghost_in_the_Shell_(film),Призрак в доспехах,Ghost in the Shell,攻殻機動隊,,,,,,,,,,,,,,,,,,,,,,
http://dbpedia.org/resource/Strange_Case_of_Dr_Jekyll_and_Mr_Hyde,Странная история доктора Джекила и мистера Хайда,Strange Case of Dr Jekyll and Mr Hyde,,,,,,,,,,,,,,,,,,,,,,,
http://dbpedia.org/resource/Nineteen_Eighty-Four,1984,Nineteen Eighty-Four,,,,,,,,,,,,,,,,,,,,,,,
http://dbpedia.org/resource/Far_Cry_3,Far cry 3,фар край 3,,,,,,,,,,,,,,,,,,,,,,,
http://dbpedia.org/resource/The_Raw_Youth,Подросток,The Raw Youth,,,,,,,,,,,,,,,,,,,,,,,
http://dbpedia.org/resource/Murdered:_Soul_Suspect,Murdered: Soul Suspect,Убитый: Душа Подозреваемого,,,,,,,,,,,,,,,,,,,,,,,
http://dbpedia.org/resource/Inception,Inception,Начало,,,,,,,,,,,,,,,,,,,,,,,
http://dbpedia.org/resource/The_Tale_of_Tsar_Saltan,Сказка о царе Салтане,The Tale of Tsar Saltan,,,,,,,,,,,,,,,,,,,,,,,
http://dbpedia.org/resource/Swimming_(sport),Плавание,плыть,,,,,,,,,,,,,,,,,,,,,,,
http://dbpedia.org/resource/The_War_of_the_Worlds,Война миров,The War of the Worlds,,,,,,,,,,,,,,,,,,,,,,,
http://dbpedia.org/resource/Dandelion_Wine,Вино из одуванчиков,Dandelion Wine,,,,,,,,,,,,,,,,,,,,,,,
http://dbpedia.org/resource/Journey_into_the_Whirlwind,Крутой маршрут,Journey into the Whirlwind,,,,,,,,,,,,,,,,,,,,,,,
http://dbpedia.org/resource/The_Adventure_of_the_Dancing_Men,The Adventure of the Dancing Men,Пляшущие человечки,,,,,,,,,,,,,,,,,,,,,,,
http://dbpedia.org/resource/Generations_of_Winter,Поколение зимы,Московская сага,Generations of Winter,,,,,,,,,,,,,,,,,,,,,,
http://dbpedia.org/resource/Ivan_Vasilievich:_Back_to_the_Future,Иван Васильевич меняет профессию,Ivan Vasilievich: Back to the Future,,,,,,,,,,,,,,,,,,,,,,,
http://dbpedia.org/resource/Moscow_(song),песня Москва,Москва,,,,,,,,,,,,,,,,,,,,,,,
"http://dbpedia.org/resource/I,_Robot","Я, робот",Я робот,"I, Robot",I Robot,,,,,,,,,,,,,,,,,,,,,
http://dbpedia.org/resource/Foundation_series, Foundation series,Основание,Академия,Основатели,Установление,Организация,Фундамент,Фундация,,,,,,,,,,,,,,,,,
http://dbpedia.org/resource/Kill_Bill,kill bill,убить билла,,,,,,,,,,,,,,,,,,,,,,,
http://dbpedia.org/resource/Rhythmic_gymnastics,спорт,художественная гимнастика,rhythmic gymnastics,,,,,,,,,,,,,,,,,,,,,,
http://dbpedia.org/resource/Artistic_gymnastics,спорт,спортивная гимнастика,artistic gymnastics,,,,,,,,,,,,,,,,,,,,,,
http://dbpedia.org/resource/Monday_Begins_on_Saturday,понедельник начинается в субботу,monday begins on saturday,,,,,,,,,,,,,,,,,,,,,,,
http://dbpedia.org/resource/Shooting_sport,стрельба,,,,,,,,,,,,,,,,,,,,,,,,
http://dbpedia.org/resource/Moscow_Does_Not_Believe_in_Tears,москва слезам не верит,,,,,,,,,,,,,,,,,,,,,,,,
http://dbpedia.org/resource/Badminton,Бадминтон ,Badminton,,,,,,,,,,,,,,,,,,,,,,,
http://dbpedia.org/resource/Rain_Man,Heavy Rain,человек дождя,фильм Heavy Rain,фильм человек дождя,кинофильм Heavy Rain,кинофильм человек дождя,Heavy Rain кино,человек дождя кино,,,,,,,,,,,,,,,,,
http://dbpedia.org/resource/Maleficent,Малефисента,Maleficent,,,,,,,,,,,,,,,,,,,,,,,
http://dbpedia.org/resource/The_Martian_Chronicles,Марсианские хроники,The Martian Chronicles,книга Марсианские хроники,книга The Martian Chronicles,роман Марсианские хроники,роман The Martian Chronicles,,,,,,,,,,,,,,,,,,,
http://dbpedia.org/resource/The_White_Guard,Белая гвардия, The White Guard,книга Белая гвардия,роман The White Guard,роман Белая гвардия,книга The White Guard,,,,,,,,,,,,,,,,,,,
http://dbpedia.org/resource/Courier_(film),Курьер,Courier,фильм Курьер,Courier фильм,,,,,,,,,,,,,,,,,,,,,
http://dbpedia.org/resource/Harry_Potter_and_the_Chamber_of_Secrets_(video_game),гарри поттер и тайная комната игра,гарри поттер игра,гарри поттер,,,,,,,,,,,,,,,,,,,,,,
http://dbpedia.org/resource/Jane_Eyre,Джейн Эйр,Джейн Эир,Джеин Эир,Джеин Эйр,Jane Eyre,,,,,,,,,,,,,,,,,,,,
http://dbpedia.org/resource/Medal_of_Honor_(series),Медаль за честь,Медаль за Отвагу,Medal of Honor,игра,,,,,,,,,,,,,,,,,,,,,
http://dbpedia.org/resource/The_Girls_(1961_film),Девчата,The  Girls,,,,,,,,,,,,,,,,,,,,,,,
http://dbpedia.org/resource/The_Adventures_of_Sherlock_Holmes_and_Dr._Watson,Шерлок,Шерлок Холмс,Шерлок Холмс и доктор Ватсон,Приключения Шерлока Холмса ,Приключения Шерлока Холмса и доктора Ватсона,,,,,,,,,,,,,,,,,,,,
http://dbpedia.org/resource/Return_to_Mysterious_Island,возвращение на таинственный остров,return to mysterious island,,,,,,,,,,,,,,,,,,,,,,,
http://dbpedia.org/resource/Bash_(Unix_shell),баш,bash,unix shell,terminal,,,,,,,,,,,,,,,,,,,,,
http://dbpedia.org/resource/The_Restaurant_at_the_End_of_the_Universe,ресторан в конце вселенной,the restaurant at the end of the universe,,,,,,,,,,,,,,,,,,,,,,,
http://dbpedia.org/resource/Unix,юникс,UNIX,,,,,,,,,,,,,,,,,,,,,,,
http://dbpedia.org/resource/Game_of_Thrones,Игра престолов,Game of Thrones,,,,,,,,,,,,,,,,,,,,,,,
http://dbpedia.org/resource/Ice_hockey,хоккей,хоккей на льду,ice hockey,hockey,,,,,,,,,,,,,,,,,,,,,
http://dbpedia.org/resource/Twenty_Thousand_Leagues_Under_the_Sea,20 тысяч лье под водой,20 тыс. лье под водой,Twenty thousand leagues under the sea,,,,,,,,,,,,,,,,,,,,,,
http://dbpedia.org/resource/A_Beautiful_Mind_(film),Игры разума,A beautiful mind,,,,,,,,,,,,,,,,,,,,,,,
http://dbpedia.org/resource/About_Time_(2013_film),бойфренд из будущего,about time,,,,,,,,,,,,,,,,,,,,,,,
http://dbpedia.org/resource/The_Judge_(2014_film),судья,the judge,,,,,,,,,,,,,,,,,,,,,,,
http://dbpedia.org/resource/Guardians_of_the_Galaxy_(film),стражи галактики,guardians of the galaxy,,,,,,,,,,,,,,,,,,,,,,,
http://dbpedia.org/resource/Fallout_3,fallout 3,fallout,,,,,,,,,,,,,,,,,,,,,,,
http://dbpedia.org/resource/The_Witcher_3:_Wild_Hunt,the witcher 3 wild hunt,the witcher 3,the witcher,ведьмак,ведьмак 3,ведьмак 3 дикая охота,ведьмак дикая охота,,,,,,,,,,,,,,,,,,
http://dbpedia.org/resource/In_the_End,in the end,песня in the end,,,,,,,,,,,,,,,,,,,,,,,
http://dbpedia.org/resource/Given_Up,given up,песня given up,,,,,,,,,,,,,,,,,,,,,,,
http://dbpedia.org/resource/Numb_(Linkin_Park_song),numb,песня numb,,,,,,,,,,,,,,,,,,,,,,,
http://dbpedia.org/resource/Where_Them_Girls_At,Where Them Girls At,песня Where Them Girls At,,,,,,,,,,,,,,,,,,,,,,,
http://dbpedia.org/resource/Little_Bad_Girl,little bad girl,песня little bad girl,,,,,,,,,,,,,,,,,,,,,,,
http://dbpedia.org/resource/Turn_Me_On_(David_Guetta_song),turn me on,песня turn me on,,,,,,,,,,,,,,,,,,,,,,,
http://dbpedia.org/resource/Let_It_Go,let it go,песня let it go,,,,,,,,,,,,,,,,,,,,,,,
http://dbpedia.org/resource/Sun_Sun_Sun,sun sun sun,песня sun sun sun,,,,,,,,,,,,,,,,,,,,,,,
http://dbpedia.org/resource/The_Click_Five,The Click Five,песня the click five,,,,,,,,,,,,,,,,,,,,,,,
http://dbpedia.org/resource/National_Anthem_of_Russia,гимн россии,национальный гимн россии,,,,,,,,,,,,,,,,,,,,,,,
http://dbpedia.org/resource/I_Want_It_All,i want it all,песня i want it all,,,,,,,,,,,,,,,,,,,,,,,
http://dbpedia.org/resource/The_Show_Must_Go_On_(Queen_song),The Show Must Go On,песня The Show Must Go On,,,,,,,,,,,,,,,,,,,,,,,
http://dbpedia.org/resource/Another_One_Bites_the_Dust,another one bites the dust,песня another one bites the dust,,,,,,,,,,,,,,,,,,,,,,,
http://dbpedia.org/resource/Piano_Concerto_No._2_(Rachmaninoff),концерт для фортепиано номер два,концерт для фортепиано номер 2,концерт для фортепиано №2,концерт рахманинова,музыка рахманинова,инструментальная музыка,Piano Concerto No. 2 (Rachmaninoff),Piano Concerto No 2,,,,,,,,,,,,,,,,,
http://dbpedia.org/resource/And_Love_Said_No,and love said no,песня and love said no,,,,,,,,,,,,,,,,,,,,,,,
http://dbpedia.org/resource/Buried_Alive_By_Love,burned alive with love,песня burned alive with love,,,,,,,,,,,,,,,,,,,,,,,
http://dbpedia.org/page/Play_(Moby_album),Play,песня play,,,,,,,,,,,,,,,,,,,,,,,
http://dbpedia.org/page/One_More_Time_(Daft_Punk_song),one more time,песня one more time,,,,,,,,,,,,,,,,,,,,,,,
http://dbpedia.org/resource/Rain_(The_Beatles_song),rain,песня rain,,,,,,,,,,,,,,,,,,,,,,,
http://dbpedia.org/resource/Oh!_Darling,oh darling,oh! darling,песня oh darling,песня oh! darling,,,,,,,,,,,,,,,,,,,,,
http://dbpedia.org/resource/Gone_with_the_Sin,gone with the sin,песня gone with the sin,,,,,,,,,,,,,,,,,,,,,,,
http://dbpedia.org/resource/Shot_(song),shot,песня shot,,,,,,,,,,,,,,,,,,,,,,,
http://dbpedia.org/resource/No_Fear_(song),No Fear,песня No Fear,,,,,,,,,,,,,,,,,,,,,,,
http://dbpedia.org/resource/Chill_(song),Chill,песня Chill,,,,,,,,,,,,,,,,,,,,,,,
http://dbpedia.org/resource/JavaScript,джава скрипт,java script,JavaScript,,,,,,,,,,,,,,,,,,,,,,
http://dbpedia.org/resource/Mortal_Kombat,мк,мортал комбат,Mortal Combat,MC,,,,,,,,,,,,,,,,,,,,,
http://dbpedia.org/resource/How_I_Met_Your_Mother,как я встретил вашу маму,how i met your mother,,,,,,,,,,,,,,,,,,,,,,,
http://dbpedia.org/resource/Vampire_Academy,академия вампиров,Vampire Academy,,,,,,,,,,,,,,,,,,,,,,,
http://dbpedia.org/resource/Bruno_Mars,песни бруно марс,песни bruno mars,bruno mars,бруно марс,,,,,,,,,,,,,,,,,,,,,
http://dbpedia.org/resource/Crime_and_Punishment,Преступление и наказание,Crime and Punishment,,,,,,,,,,,,,,,,,,,,,,,
http://dbpedia.org/resource/The_Lightning_Thief,Перси Джексон и Похититель молний,Похититель молний,The Lightning Thief,Lightning Thief,,,,,,,,,,,,,,,,,,,,,
http://dbpedia.org/resource/Hockey,хоккей,хоккей на льду,ice hockey,hockey,,,,,,,,,,,,,,,,,,,,,
http://dbpedia.org/resource/House_(TV_series),доктор хаус,house,doctor house,,,,,,,,,,,,,,,,,,,,,,
http://dbpedia.org/resource/Divergent_(film),дивергент,divergent,,,,,,,,,,,,,,,,,,,,,,,
http://dbpedia.org/resource/The_Intouchables,1+1,неприкасаемые,The Intouchables,Intouchables,,,,,,,,,,,,,,,,,,,,,
http://dbpedia.org/resource/Ruby_(programming_language),руби,ruby,,,,,,,,,,,,,,,,,,,,,,,
https://dbpedia.org/resource/Arch_of_Triumph_(novel),триумфальная арка,arch of triumph,,,,,,,,,,,,,,,,,,,,,,,
https://dbpedia.org/resource/Gym,тренажерный зал,тяжелая атлетика,gym,фитнес,fitness,,,,,,,,,,,,,,,,,,,,
https://dbpedia.org/resource/Warcraft,warcraft,warkraft,варкрафт,,,,,,,,,,,,,,,,,,,,,,
https://dbpedia.org/resource/Basketball,баскет,баскетбол,basketball,,,,,,,,,,,,,,,,,,,,,,
http://dbpedia.org/resource/Metro_2033_(novel),метро 2033,metro 2033,,,,,,,,,,,,,,,,,,,,,,,
http://dbpedia.org/resource/Association_football,Ногомяч,football,soccer,piłka nożna,nogomet,футбол,футбик,,,,,,,,,,,,,,,,,,
http://dbpedia.org/resource/The_Gadfly,овод,the gadfly,gadfly,,,,,,,,,,,,,,,,,,,,,,
http://dbpedia.org/resource/World_of_Warcraft,warcraft,warkraft,варкрафт,,,,,,,,,,,,,,,,,,,,,,
http://dbpedia.org/resource/The_Lord_of_the_Rings_(film_series),властелин колец,The Lord of the Rings,,,,,,,,,,,,,,,,,,,,,,,
http://dbpedia.org/resource/Am?lie,Амели,Необыкновенная судьба Амели Пулен,Амели Пулен,Le Fabuleux Destin d'Amélie Poulain,Amelie,,,,,,,,,,,,,,,,,,,,
http://dbpedia.org/resource/The_Thorn_Birds,поющие в терновнике,The Thorn Birds,,,,,,,,,,,,,,,,,,,,,,,
http://dbpedia.org/resource/Summertime_(song),Летнее время,ария Летнее время,summertime,ария summertime,,,,,,,,,,,,,,,,,,,,,
http://dbpedia.org/resource/Besame_Mucho,Besame Mucho,песня Besame Mucho,бесаме мучо,песня бесаме мучо,,,,,,,,,,,,,,,,,,,,,
http://dbpedia.org/resource/Jump_in_the_Fire,прыгай в огонь,песня прыгай в огонь,сингл прыгай в огонь,песня jump in the fire,сингл jump in the fire,jump in the fire,,,,,,,,,,,,,,,,,,,
http://dbpedia.org/resource/Whiskey_in_the_Jar,Виски во фляге,песня Виски во фляге,ирландская песня Виски во фляге,whiskey in the jar,песня whiskey in the jar,ирландская песня whiskey in the jar,,,,,,,,,,,,,,,,,,,
http://dbpedia.org/page/Drum_and_bass,Drum and bass,барабаны и бас,,,,,,,,,,,,,,,,,,,,,,,
http://dbpedia.org/resource/Pendulum_(band),Pendulum,музыка группы Pendulum,песни группы Pendulum,,,,,,,,,,,,,,,,,,,,,,
http://dbpedia.org/resource/Una_Mattina,Una Mattina,песня Una_Mattina,,,,,,,,,,,,,,,,,,,,,,,
http://dbpedia.org/resource/Sonne_(Rammstein_song),sonne,песня sonne,,,,,,,,,,,,,,,,,,,,,,,
http://dbpedia.org/page/Muse_(band),muse,музыка группы muse,песни группы muse,,,,,,,,,,,,,,,,,,,,,,
http://dbpedia.org/resource/Act_Naturally,играй естественно,act naturally,песня играй естественно,песня act naturally,,,,,,,,,,,,,,,,,,,,,
http://dbpedia.org/resource/American_Idiot_(song),American Idiot,Американский идиот,песня American Idiot,песня Американский идиот,,,,,,,,,,,,,,,,,,,,,
http://dbpedia.org/page/Interstellar_(film),интерстеллар,interstellar,,,,,,,,,,,,,,,,,,,,,,,
http://dbpedia.org/page/Ich_will,ich will,я хочу,я требую,я желаю,песня ich will,песня я хочу,песня я требую,песня я желаю,,,,,,,,,,,,,,,,,
http://dbpedia.org/page/Association_football,Ногомяч,football,soccer,piłka nożna,nogomet,футбол,футбик,,,,,,,,,,,,,,,,,,
http://dbpedia.org/resource/Culture_of_Japan,культура японии,culture of japan,,,,,,,,,,,,,,,,,,,,,,,
http://dbpedia.org/page/Warcraft,warcraft,warkraft,варкрафт,,,,,,,,,,,,,,,,,,,,,,
http://dbpedia.org/page/The_Witcher,the witcher,ведьмак,,,,,,,,,,,,,,,,,,,,,,,
http://dbpedia.org/page/The_Big_Bang_Theory,ТБВ,теория большого взрыва,the big bang theory,,,,,,,,,,,,,,,,,,,,,,
http://dbpedia.org/resource/The_Big_Bang_Theory,ТБВ,теория большого взрыва,the big bang theory,,,,,,,,,,,,,,,,,,,,,,
http://dbpedia.org/resource/Python_(programming_language),Питон,Python,,,,,,,,,,,,,,,,,,,,,,,
http://dbpedia.org/page/The_Fountainhead,The Fountainhead,источник,роман источник,роман The Fountainhead,Fountainhead,роман Fountainhead,,,,,,,,,,,,,,,,,,,
http://de.dbpedia.org/resource/Kategorie:Quadrocopter,квадрокоптер,quadrocopter,,,,,,,,,,,,,,,,,,,,,,,
https://dbpedia.org/resource/The_Adventures_of_Sherlock_Holmes,Шерлок,Шерлок Холмс,Шерлок Холмс и доктор Ватсон,Приключения Шерлока Холмса ,,,,,,,,,,,,,,,,,,,,,
http://dbpedia.org/resource/The_Hound_of_the_Baskervilles,Шерлок,Шерлок Холмс,Шерлок Холмс и доктор Ватсон,Приключения Шерлока Холмса ,Шерлок холмс и собака баскервилей,собака баскервилей,,,,,,,,,,,,,,,,,,,
http://dbpedia.org/resource/Mafia_(party_game),mafia,Мафия,,,,,,,,,,,,,,,,,,,,,,,
http://dbpedia.org/resource/Volleyball,волейбол,volleyball,,,,,,,,,,,,,,,,,,,,,,,
http://dbpedia.org/resource/Chatroom_(film),Чат,Chatroom,,,,,,,,,,,,,,,,,,,,,,,
http://dbpedia.org/resource/Lord_of_Light,Князь Света,Лорд Света,Бог Света,Lord of Light,,,,,,,,,,,,,,,,,,,,,
http://dbpedia.org/resource/Chess,Шахматы,chess,,,,,,,,,,,,,,,,,,,,,,,
http://dbpedia.org/resource/The_Mysterious_Island,Таинственный остров,,,,,,,,,,,,,,,,,,,,,,,,
http://dbpedia.org/resource/Fallout_(video_game),Fallout ,фолаут,,,,,,,,,,,,,,,,,,,,,,,
http://dbpedia.org/resource/Fallout_2,Fallout 2,фолаут 2,,,,,,,,,,,,,,,,,,,,,,,
http://dbpedia.org/resource/Fahrenheit_451,451 по Фаренгейту,451 градус по Фаренгейту,,,,,,,,,,,,,,,,,,,,,,,
http://dbpedia.org/resource/The_Hunger_Games,Голодные игры, Голодные игры И вспыхнет пламя ,Голодные игры Сойка-пересмешница,,,,,,,,,,,,,,,,,,,,,,
http://dbpedia.org/resource/Transformers_(film),Трансформеры,Трансформеры 1,Трансформеры  2,Трансформеры 3,Трансформеры 4,"Трансформеры ""Месть падших""","Трансформеры ""Тёмная сторона Луны""","Трансформеры ""Эпоха истребления""",,,,,,,,,,,,,,,,,
http://dbpedia.org/resource/Need_for_Speed:_Underground_2,Need for Speed: Underground,Need for Speed,гонки Need for Speed,игра Need for Speed,компьютерная игра Need for Speed,,,,,,,,,,,,,,,,,,,,
http://dbpedia.org/resource/Help!_(album),Help,музыка группы Beatles,Beatles,Beatles Help,альбом help,песня help,,,,,,,,,,,,,,,,,,,
http://dbpedia.org/resource/Hall_of_Fame_(song),Hall of Fame (song),Hall of Fame,песня Hall of Fame,,,,,,,,,,,,,,,,,,,,,,
http://dbpedia.org/resource/The_Perks_of_Being_a_Wallflower_(film),Хорошо быть тихоней,The perks of being a wallflower,фильм хорошо быть тихоней,фильм The perks of being a wallflower,кинофильм The perks of being a wallflower,кинофильм хорошо быть тихоней,,,,,,,,,,,,,,,,,,,
http://dbpedia.org/page/Smells_Like_Teen_Spirit,Повеяло юностью,Smells Like Teen Spirit,фильм Повеяло юностью,фильм Smells Like Teen Spirit,кинофильм Повеяло юностью,кинофильм Smells Like Teen Spirit,,,,,,,,,,,,,,,,,,,
http://dbpedia.org/page/Take_Me_Out_(song),take me out,песня take me out,,,,,,,,,,,,,,,,,,,,,,,
http://dbpedia.org/resource/Nickelback,музыка Nickelback,песни Nickelback,Nickelback,группа Nickelback,рок-группа Nickelback,,,,,,,,,,,,,,,,,,,,
http://dbpedia.org/resource/Monster_(Skillet_song),песня Monster,Monster,Монстр,песня монстр,,,,,,,,,,,,,,,,,,,,,
http://dbpedia.org/resource/If_Today_Was_Your_Last_Day,If Today Was Your Last Day,песня If Today Was Your Last Day,сингл If Today Was Your Last Day,,,,,,,,,,,,,,,,,,,,,,
http://dbpedia.org/resource/Three_Little_Birds,Three Little Birds,песня Three Little Birds,,,,,,,,,,,,,,,,,,,,,,,
http://dbpedia.org/resource/Dark_Is_the_Night_(Soviet_song),Тёмная ночь,dark is the neight,песня Тёмная ночь,песня dark is the neight,,,,,,,,,,,,,,,,,,,,,
http://dbpedia.org/resource/On_the_Nameless_Height_(song),На безымянной высоте,песня На безымянной высоте,On The Nameless Height,,,,,,,,,,,,,,,,,,,,,,
http://dbpedia.org/resource/Zhuravli,Zhuravli,Журавли,песня журавли,,,,,,,,,,,,,,,,,,,,,,
http://dbpedia.org/resource/Another_Brick_in_the_Wall,Another Brick in the Wall,Reminiscing,Education,Drugs,Ещё один кирпич в стене,The Wall,Pink Floyd,,,,,,,,,,,,,,,,,,
http://dbpedia.org/resource/Let_Her_Go_(Passenger_song),Let Her Go,песня Let Her Go,Passenger,,,,,,,,,,,,,,,,,,,,,,
http://dbpedia.org/resource/Highway_to_Hell,Highway to Hell ,песня Highway to Hell,AC/DC,song Highway to Hell,Дорога в ад,,,,,,,,,,,,,,,,,,,,
http://dbpedia.org/resource/Highway_to_Hell_(song),Highway to Hell ,песня Highway to Hell,AC/DC,song Highway to Hell,Дорога в ад,,,,,,,,,,,,,,,,,,,,
http://dbpedia.org/resource/Money_(Pink_Floyd_song),Money,Pink Floyd,The Dark Side of the Moon,song Money,песня Money,,,,,,,,,,,,,,,,,,,,
http://dbpedia.org/resource/Revolution_(Beatles_song),Revolution,песня Revolution,,,,,,,,,,,,,,,,,,,,,,,
http://dbpedia.org/resource/Witch_house_(music_genre),Витч-ха́ус,музыка Витч-ха́ус ,Witch house,стиль Witch house,,,,,,,,,,,,,,,,,,,,,
http://dbpedia.org/resource/Sk8er_Boi,Sk8er Boi,Avril Lavigne,,,,,,,,,,,,,,,,,,,,,,,
"http://dbpedia.org/resource/Beamer,_Benz,_or_Bentley","Beamer, Benz, or Bentley",H.F.M. 2,The Hunger for More 2,,,,,,,,,,,,,,,,,,,,,,
http://dbpedia.org/resource/We_Will_Rock_You,We Will Rock You,Мы вас раскачаем,Queen,песня Queen,песня Мы вас раскачаем,песня We Will Rock You,ви вил рок ю,,,,,,,,,,,,,,,,,,
http://dbpedia.org/resource/Hear_Me_Now_(song),Hear Me Now,услышь меня,Hollywood Undead,песня Hear Me Now,,,,,,,,,,,,,,,,,,,,,
http://dbpedia.org/resource/Think_(About_It),Think (About It),песня Think (About It),,,,,,,,,,,,,,,,,,,,,,,
http://dbpedia.org/resource/You_Are_Not_Alone,You Are Not Alone,песня You Are Not Alone,Ты не один,песня Ты не один,Майкл Джексон,Michael Jackson,,,,,,,,,,,,,,,,,,,
http://dbpedia.org/resource/We_Are_the_Champions,We Are the Champions,Champions,песня We Are the Champions,Queen,,,,,,,,,,,,,,,,,,,,,
http://dbpedia.org/resource/Smells_Like_Teen_Spirit,smells like teen spirit,smells like teen spirit song,песня smells like teen spirit,smells like teen spirit nirvana,smells like teen spirit нирвана,,,,,,,,,,,,,,,,,,,,
http://dbpedia.org/resource/Late_Goodbye,late goodbye,late goodbye song,late goodbye max payne,,,,,,,,,,,,,,,,,,,,,,
http://dbpedia.org/resource/The_Scientist_(song),the scientist,the scientist song,песня the scientist,,,,,,,,,,,,,,,,,,,,,,
http://dbpedia.org/resource/Seven_Nation_Army,seven nation army,seven nation army song,песня seven nation army,,,,,,,,,,,,,,,,,,,,,,
http://dbpedia.org/resource/Meds_(song),meds,meds song,песня meds,песня медс,песня мэдс,,,,,,,,,,,,,,,,,,,,
http://dbpedia.org/resource/U2,u2,u2 group,ю2,группа ю2,группа u2,,,,,,,,,,,,,,,,,,,,
http://dbpedia.org/resource/Billie_Jean,billie jean,billie jean song,песня billie jean,песня билли джин,билли джин,майкл джексон billie jean,michael jackson billie jean,,,,,,,,,,,,,,,,,,
http://dbpedia.org/resource/Desert_Rose_(Sting_song),desert rose,desert rose song,desert rose sting,песня desert rose,стинг desert rose,,,,,,,,,,,,,,,,,,,,
http://dbpedia.org/resource/Nothing_Else_Matters,nothing else matter,nothing else matter song,песня nothing else matter,,,,,,,,,,,,,,,,,,,,,,
http://dbpedia.org/resource/Screaming_Bloody_Murder_(song),screaming bloody murder,screaming bloody murder song,песня screaming bloody murder,,,,,,,,,,,,,,,,,,,,,,
http://dbpedia.org/resource/Ascoltami,ascoltami,ascoltami song,песня ascoltami,песня асколтами,,,,,,,,,,,,,,,,,,,,,
http://dbpedia.org/resource/The_Nightday,the nightday,найтдэй,the nightday song,песня the nightday,,,,,,,,,,,,,,,,,,,,,
http://dbpedia.org/resource/Listen_to_Your_Heart_(Roxette_song),listen to you heart,listen to you heart song,песня listen to you heart ,roxette listen to you heart,,,,,,,,,,,,,,,,,,,,,
http://dbpedia.org/resource/Yesterday,Yesterday,yesterday song,песня yesterday,the beatles yeasterday,битлз yesterday,,,,,,,,,,,,,,,,,,,,
http://dbpedia.org/resource/Yellow_Submarine_(song),yellow submarine,yellow submarine song,песня yellow submarine,битлз желтая субмарина,the beatles yellow submarine,,,,,,,,,,,,,,,,,,,,
http://dbpedia.org/page/Wake_Me_Up_(Avicii_song),wake me up,wake me up song,песня wake me up,wake me up avicii,,,,,,,,,,,,,,,,,,,,,
http://dbpedia.org/page/When_We_Stand_Together,when we stand together,when we stand together song,песня when we stand together,,,,,,,,,,,,,,,,,,,,,,
http://dbpedia.org/resource/Toxic_(song),toxic,toxic song,песня токсик,песня toxic,,,,,,,,,,,,,,,,,,,,,
http://dbpedia.org/resource/Bangtan_Boys,bangtan boys,group bangtan boys,,,,,,,,,,,,,,,,,,,,,,,
http://dbpedia.org/resource/Un-Break_My_Heart,un-break my heart,un-break my heart song,песня un-break my heart,,,,,,,,,,,,,,,,,,,,,,
http://dbpedia.org/resource/Das_Model,das model,das model song,песня das model,the kraftwerk das model,,,,,,,,,,,,,,,,,,,,,
http://dbpedia.org/resource/Perfect_(Simple_Plan_song),perfect song,песня perfect ,perfect simple plan,,,,,,,,,,,,,,,,,,,,,,
http://dbpedia.org/resource/Zombie_(song),zombie,zombie song,песня zombie,песня зомби,,,,,,,,,,,,,,,,,,,,,
http://dbpedia.org/resource/What_I've_Done,what i've done,what i've done song ,песня what i've done,,,,,,,,,,,,,,,,,,,,,,
http://dbpedia.org/resource/Bitter_Sweet_Symphony,bitter sweet symphony,bitter sweet symphony song,песня bitter sweet symphony,the verve bitter sweet symphony,,,,,,,,,,,,,,,,,,,,,
http://dbpedia.org/resource/Breaking_the_Habit,breaking the habit,breaking the habit song,breaking the habit linkin park,песня breaking the habit,,,,,,,,,,,,,,,,,,,,,
http://dbpedia.org/resource/Stay_with_Me_(Sam_Smith_song),stay with me,stay with me song,песня stay with me,stay with me sam smith,,,,,,,,,,,,,,,,,,,,,
http://dbpedia.org/page/Silver_Dagger_(song),silver dagger,silver dagger song ,silver dagger folk,песня silver dagger,,,,,,,,,,,,,,,,,,,,,
http://dbpedia.org/resource/You_Make_Me,you make me,you make me song,песня you make me ,Swedish DJ you make me,,,,,,,,,,,,,,,,,,,,,
http://dbpedia.org/page/Perfect_(Simple_Plan_song),perfect song,песня perfect ,perfect simple plan,,,,,,,,,,,,,,,,,,,,,,
http://dbpedia.org/resource/Chris_Brown,chris brown,brown chris,крис браун,крис браувн,,,,,,,,,,,,,,,,,,,,,
http://dbpedia.org/page/Bangtan_Boys,bangtan boys,group bangtan boys,,,,,,,,,,,,,,,,,,,,,,,
http://dbpedia.org/page/Bruno_Mars,bruno mars,mars bruno,марс бруно,Peter Gene Hernandez,,,,,,,,,,,,,,,,,,,,,
http://dbpedia.org/resource/Master_of_Puppets_(song),master of puppets,master of puppets song,песня master of puppets,,,,,,,,,,,,,,,,,,,,,,
http://dbpedia.org/resource/The_Open_Door,the open door,альбом the open door,the open door album,,,,,,,,,,,,,,,,,,,,,,
http://dbpedia.org/resource/Not_Strong_Enough_(Apocalyptica_song),not strong enough,not strong enough song,песня not strong enoug,apocalyptica not strong enough,,,,,,,,,,,,,,,,,,,,,
http://dbpedia.org/resource/My_Immortal,my immortal,my immortal song,песня my immortal,,,,,,,,,,,,,,,,,,,,,,
http://dbpedia.org/resource/Enjoy_the_Silence,enjoy the silence,песня enjoy the silence,enjoy the silence song,enjoy the silence depeche mode,depeche mode,,,,,,,,,,,,,,,,,,,,
http://dbpedia.org/resource/Music_(Madonna_song),music madonna,music song,песня music ,песня мьюзик мадонна,,,,,,,,,,,,,,,,,,,,,
http://dbpedia.org/resource/Dance,dance,дэнс,танец,танцы,,,,,,,,,,,,,,,,,,,,,
http://dbpedia.org/page/We_Will_Rock_You,we will rock you,we will rock you queen,песня we will rock you,we will rock you song,ви вил рок ю,,,,,,,,,,,,,,,,,,,,
http://dbpedia.org/page/All_Star_(song),all star,all star song,песня all star,песня ол стар,,,,,,,,,,,,,,,,,,,,,
http://dbpedia.org/resource/Give_It_2_Me_(Madonna_song),give it to me,give it 2 me,Madonna give it 2 me,Мадона give it to me,Мадонна give it to me,,,,,,,,,,,,,,,,,,,,
http://dbpedia.org/resource/Take_Me_Out_(song),take me out ,take me out song,песня teke me out,,,,,,,,,,,,,,,,,,,,,,
http://dbpedia.org/resource/Ozzy_Osbourne,Ozzy Osbourne,Оззи Осборн,Осборн,Osbourne,,,,,,,,,,,,,,,,,,,,,
http://dbpedia.org/resource/Fear_of_the_Dark_(song),fear of the dark,fear of the dark song,песня fear of the dark,,,,,,,,,,,,,,,,,,,,,,
http://dbpedia.org/page/Twilight_of_the_Thunder_God_(album),album twilight of the thunder god,twilight of the thunder god,альбом twilight of the thunder dark,,,,,,,,,,,,,,,,,,,,,,
http://dbpedia.org/page/One_Love/People_Get_Ready_(song)),people get ready,people get ready songs,песни people get ready,,,,,,,,,,,,,,,,,,,,,,
http://dbpedia.org/page/Another_Brick_in_the_Wall,another brick in the wall,another brick in the wall songs,песни another brick in the wall,,,,,,,,,,,,,,,,,,,,,,
http://dbpedia.org/resource/Fly_Me_to_the_Moon,fly me to the moon,fly me to the moon song,песня fly me to the moon,,,,,,,,,,,,,,,,,,,,,,
http://dbpedia.org/resource/Rebel_Within,rebel within,Hank Williams III rebel within,album rebel within,альбом rebel within,,,,,,,,,,,,,,,,,,,,,
http://dbpedia.org/page/State_Anthem_of_the_Republic_of_Tatarstan,государственный гимн Татарстана,государственный гимн республики Татарстан,гимн Татарстана,татарстанский гимн,state anthem of the republic of tatarstan,,,,,,,,,,,,,,,,,,,,
http://dbpedia.org/page/Californication_(song),californication,песня californication,californication song,калифорникэйшн,песня калифорникэйшн,,,,,,,,,,,,,,,,,,,,
http://dbpedia.org/page/Shadow_Moses_(Bring_Me_the_Horizon_song),shadow moses,shadow moses song,shadow moses bring me the horizom song,,,,,,,,,,,,,,,,,,,,,,
http://dbpedia.org/resource/Star_Wars,star wars,starwars,звездные войны,звездные воины,старварс,стар варс,старворс,стар ворс,,,,,,,,,,,,,,,,,
http://dbpedia.org/resource/Java_(programming_language),java,джава,ява,,,,,,,,,,,,,,,,,,,,,,
http://dbpedia.org/resource/Snowboarding,сноубординг,катание на сноуборде,сноуборд,snowboarding,snowboard,,,,,,,,,,,,,,,,,,,,
http://dbpedia.org/resource/Hero_(Skillet_song),hero song,hero,песня hero,hero skillet song,песня hero skillet,,,,,,,,,,,,,,,,,,,,
http://dbpedia.org/resource/Ich_Will(Orff),Ich Will,Ich will song,ich will rammstein,рамштайн Ich will,песня ich will,,,,,,,,,,,,,,,,,,,,
http://dbpedia.org/resource/In_The_End(song),in the end,in the end song,песня in the end,Linkin park in the end,Линкин парк in the end,in the end Linkin park song,,,,,,,,,,,,,,,,,,,
http://dbpedia.org/resource/Faint(song),Faint,песня Faint,,,,,,,,,,,,,,,,,,,,,,,
http://dbpedia.org/resource/Tiesto,Tiesto,Тиесто,диджей Тиесто,диджей Tiesto,,,,,,,,,,,,,,,,,,,,,
http://dbpedia.org/resource/Linkin_park,Linkin park,музыка Linkin park ,Linkin park group,,,,,,,,,,,,,,,,,,,,,,
http://dbpedia.org/resource/I_Will_Be_Here,i will be here,песня i will be here,,,,,,,,,,,,,,,,,,,,,,,
http://dbpedia.org/page/Yesterday,Yesterday,песня Yesterday,,,,,,,,,,,,,,,,,,,,,,,
http://dbpedia.org/page/Titanic_(1997_film),титаник,фильм титаник,кино титаник,titanic фильм,titanic кино,грустное кино,,,,,,,,,,,,,,,,,,,
http://dbpedia.org/resource/Warriors_(Imagine_Dragons_song),Warriors (Imagine Dragons song),Imagine Dragons song,Warriors,песня Warriors (Imagine Dragons song),песня  Imagine Dragons song,песня  Warriors,,,,,,,,,,,,,,,,,,,
http://dbpedia.org/resource/Thinking_Out_Loud_(Ed_Sheeran_song),Thinking Out Loud (Ed Sheeran song),Thinking Out Loud,Ed Sheeran song,,,,,,,,,,,,,,,,,,,,,,
http://dbpedia.org/resource/Moanin',moanin,альбом moanin,джазовый альбом moanin, moanin джаз,,,,,,,,,,,,,,,,,,,,,
http://dbpedia.org/resource/Ev_Chistr_’ta_Laou!,"Пей сидр, Лау!",Ev chistr 'ta Laou!,бретонская песня,застольная песня,,,,,,,,,,,,,,,,,,,,,
http://dbpedia.org/resource/Three_Comrades_(novel),три товарища,three comrades,роман три товарища,роман three comrades,книга три товарища,книга three comrades,,,,,,,,,,,,,,,,,,,
http://dbpedia.org/resource/Tennis,теннис,теннисный спорт,tennis,tennis sport,,,,,,,,,,,,,,,,,,,,,
http://dbpedia.org/resource/Dota_2,дота,дота 2,dota,,,,,,,,,,,,,,,,,,,,,,
http://dbpedia.org/resource/The_Fountain,фонтан,fountain,фонтан фильм,fountain фильм,,,,,,,,,,,,,,,,,,,,,
http://dbpedia.org/resource/The_Polar_Express_(film),The Polar Express,полярный экспресс,The Polar Express фильм,полярный экспресс фильм,,,,,,,,,,,,,,,,,,,,,
http://dbpedia.org/resource/The_Twelve_Chairs,двеннадцать стульев, двеннадцать стульев фильм,двеннадцать стульев книга,twelve chairs фильм,twelve chairs книга,,,,,,,,,,,,,,,,,,,,
http://dbpedia.org/resource/Skiing,лыжи,горные лыжи,лыжная гонка,сноубординг,,,,,,,,,,,,,,,,,,,,,
http://dbpedia.org/resource/Dirt_3,Dirt 3,,,,,,,,,,,,,,,,,,,,,,,,
http://dbpedia.org/resource/FlatOut_2,FlatOut 2,FlatOut,игра FlatOut,компьютерная игра FlatOut,,,,,,,,,,,,,,,,,,,,,
http://dbpedia.org/resource/Ubik,ubik,убик,роман ubik,роман убик,книга ubik,книга убик,,,,,,,,,,,,,,,,,,,
http://dbpedia.org/resource/Need_for_Speed:_Underground,Need for Speed: Underground,Need for Speed,гонки Need for Speed,игра Need for Speed,компьютерная игра Need for Speed,,,,,,,,,,,,,,,,,,,,
http://dbpedia.org/resource/hockey,хоккей,хоккей на льду,ice hockey,hockey,,,,,,,,,,,,,,,,,,,,,
http://dbpedia.org/page/The_Secret_Garden,Таинственный сад,роман Таинственный сад,книга Таинственный сад,the secret garden,роман the secret garden,книга the secret garden,,,,,,,,,,,,,,,,,,,
http://dbpedia.org/page/Dance,танцы,танец,танцевальный спорт,бальные танцы,классический танец,балет,классический балет,современный балет,современная хореография,народный танец,модерн,джаз,джаз-модерн,хип хоп,хаус,рагга,локинг,поппинг,крамп,хастл,тектоник,танго,фламенко,pole dance,пасодобль
http://dbpedia.org/page/Witch_house_(music_genre),drag,witch house,witch house music,drag music,музыка в стиле drag, музыка в стиле witch house,,,,,,,,,,,,,,,,,,,
http://dbpedia.org/page/True_Detective_(TV_series),true detective,настоящий детектив,true detective телесериал,настоящий детектив телесериал,true detective фильм,настоящий детектив фильм,,,,,,,,,,,,,,,,,,,
http://dbpedia.org/page/Prison_Break,prison break,побег,prison break телесериал,побег телесериал,prison break фильм,побег фильм,,,,,,,,,,,,,,,,,,,
http://dbpedia.org/page/Jane_Austen,Джейн Остин,автор Джейн Остин,писатель Джейн Остин,писательница Джейн Остин,Jane Austen,книги джейн остин,,,,,,,,,,,,,,,,,,,
http://dbpedia.org/resource/Smoke_on_the_Water,smoke on the water,дым над водой,песня smoke on the water,песня дым над водой,,,,,,,,,,,,,,,,,,,,,
"http://dbpedia.org/resource/Hey_Hey,_My_My_(Into_the_Black)","Hey Hey, My My (Into the Black)","Hey Hey, My My","песня Hey Hey, My My (Into the Black)","песня Hey Hey, My My",,,,,,,,,,,,,,,,,,,,,
http://dbpedia.org/resource/Armin_van_Buuren,музыка армина ван бюрена,армин ван бюрен,армен бюрен,ван бюрен,бюрен,музыка Armin van Buuren,Armin van Buuren,Armin Buuren,van Buuren,Buuren,,,,,,,,,,,,,,,
http://dbpedia.org/resource/Titanic_(1997_film),титаник,фильм титаник,кино титаник,titanic фильм,titanic кино,,,,,,,,,,,,,,,,,,,,
http://dbpedia.org/resource/Ludovico_Einaudi,музыка ludovico einaudi,ludovico einaudi,,,,,,,,,,,,,,,,,,,,,,,
http://dbpedia.org/resource/Mutter_(song),mutter,песня mutter,,,,,,,,,,,,,,,,,,,,,,,
http://dbpedia.org/resource/Hurricane_(Thirty_Seconds_to_Mars_song),Hurricane (Thirty Seconds to Mars song),Hurricane,песня Hurricane,,,,,,,,,,,,,,,,,,,,,,
http://dbpedia.org/resource/Price_Tag,price tag,песня price tag,,,,,,,,,,,,,,,,,,,,,,,
http://dbpedia.org/resource/This_Is_the_Life_(Amy_Macdonald_album),this is the life,это жизнь,песня this is the life,песня это жизнь,,,,,,,,,,,,,,,,,,,,,
http://dbpedia.org/page/One_of_the_Boys_(Katy_Perry_album),One of the Boys (Katy Perry album),One of the Boys,песня One of the Boys,,,,,,,,,,,,,,,,,,,,,,
http://dbpedia.org/page/Roar_(song),Roar (song),Roar,песня Roar,,,,,,,,,,,,,,,,,,,,,,
http://dbpedia.org/page/Somebody_That_I_Used_to_Know,Somebody That I Used to Know,песня Somebody That I Used to Know,,,,,,,,,,,,,,,,,,,,,,,
http://dbpedia.org/resource/Desnúdate_Mujer,Desnúdate Mujer,Desnudate Mujer,песня Desnúdate Mujer,песня Desnudate Mujer,,,,,,,,,,,,,,,,,,,,,
http://dbpedia.org/resource/In_a_Time_Lapse,In a Time Lapse,музыка ludovico einaudi,ludovico einaudi,,,,,,,,,,,,,,,,,,,,,,
http://dbpedia.org/resource/The_Prestige_(film),the prestige,prestige,престиж,,,,,,,,,,,,,,,,,,,,,,
http://dbpedia.org/page/Animal_Magic_(Bonobo_album),animal magic,песня animal magic,,,,,,,,,,,,,,,,,,,,,,,
http://dbpedia.org/page/Get_Lucky_(Daft_Punk_song),get lucky,песня get lucky,,,,,,,,,,,,,,,,,,,,,,,
http://dbpedia.org/page/Face_to_Face_(Daft_Punk_song),face to face,песня face to face,,,,,,,,,,,,,,,,,,,,,,,
http://dbpedia.org/resource/Beautiful_(Christina_Aguilera_song),beautiful,песня beautiful,,,,,,,,,,,,,,,,,,,,,,,
http://dbpedia.org/page/Get_Low_(song),get low,песня get low,,,,,,,,,,,,,,,,,,,,,,,
http://dbpedia.org/resource/If_I_Had_a_Heart,If I Had a Heart,песня If I Had a Heart,,,,,,,,,,,,,,,,,,,,,,,
http://dbpedia.org/page/Sonne_(Rammstein_song),sonne,песня sonne,,,,,,,,,,,,,,,,,,,,,,,
http://dbpedia.org/page/Moscow_(song),Moscow,москва,песня москва,песня moscow,,,,,,,,,,,,,,,,,,,,,
http://dbpedia.org/page/Mutter_(song),mutter,песня mutter,,,,,,,,,,,,,,,,,,,,,,,
http://dbpedia.org/page/Das_Model,das model,модель,песня модель,песня das model,,,,,,,,,,,,,,,,,,,,,
http://dbpedia.org/page/Armin_van_Buuren,музыка армина ван бюрена,армин ван бюрен,армен бюрен,ван бюрен,бюрен,музыка Armin van Buuren,Armin van Buuren,Armin Buuren,van Buuren,Buuren,,,,,,,,,,,,,,,
http://dbpedia.org/page/Trip_hop,музыка в стиле трип-хоп,музыка в стиле trip-hop,trip-hop,трип-хоп,,,,,,,,,,,,,,,,,,,,,
ARS,АРС,автономные робототехнические системы,ARS,кафедра арс,кафедра ars,,,,,,,,,,,,,,,,,,,,