Вася,Вася
Айнур,Айнур
Dasha,Dasha
I'ldar?,I'ldar?
Рамис,Рамис
Ildar,Ildar
Александр,Александр
Алла,Алла
Альмир,Альмир
Булат,Булат
Галия,Галия
Гульнара,Гульнара
Дмитрий,Дмитрий
Екатерина,Екатерина
Ильдар,Ильдар
Илья,Илья
Илюся,Илюся
Ксения,Ксения
Виктория,Виктория
Станислав,Станислав
Давид,Давид
Расим,Расим
Рузиля,Рузиля
Руслан,Руслан
Анна,Анна
Танзиля,Танзиля
Алик Кириллович,Алик Кириллович
Владимир Мальков,Владимир Мальков
Диляра Якубова,Диляра Якубова
Иван Новиков,Иван Новиков
Булат Усманов,Булат Усманов
Зайнутдинов Айдар,Зайнутдинов Айдар
Гусманов Камилл,Гусманов Камилл
Якушева Регина,Якушева Регина
Леша Еньков,Леша Еньков
Булат Саляхутдинов,Булат Саляхутдинов
Доктор Кто,Доктор Кто
Дмитрий Костюнин,Дмитрий Костюнин
Бикеев Иван,Бикеев Иван
Миша,Миша
Никита Главацкий,Никита Главацкий
Макс Ларионов,Макс Ларионов
Алтынбаев Владислав,Алтынбаев Владислав
Потап Мухатамико,Потап Мухатамико
Кристина Шарифуллина,Кристина Шарифуллина
Роман Платонов,Роман Платонов
Станислав Никитин,Станислав Никитин
Валерия Бандурина,Валерия Бандурина
Вадим Петров,Вадим Петров
Дана Юнусова,Дана Юнусова
Рафаэль Ахметзянов,Рафаэль Ахметзянов
Татьяна Пушкарева,Татьяна Пушкарева
Денис Новиков,Денис Новиков
Виктор Прокофьев,Виктор Прокофьев
?????? ?????????,?????? ?????????
?????? ??????????,?????? ??????????
Айгуль Нуртдинова,Айгуль Нуртдинова
Гузель Зиганшина,Гузель Зиганшина
???? ????????,???? ????????
??????? ???????,??????? ???????
Наиль Фахрутдинов,Наиль Фахрутдинов
Миша Егоров,Миша Егоров
Артём Советников,Артём Советников
Айдар Сафин,Айдар Сафин
Альберт Бикеев,Альберт Бикеев
Айрат Гайфуллин,Айрат Гайфуллин
????? ??????????,????? ??????????
??????? ?????,??????? ?????
Галимов Халим,Галимов Халим
Инсаф Гилемханов,Инсаф Гилемханов
Эмиль Асафин,Эмиль Асафин
Олег Рябцев,Олег Рябцев
Элина Багаутдинова,Элина Багаутдинова
Ксения Жукова,Ксения Жукова
Софья Федорова,Софья Федорова
Даша Гаранина,Даша Гаранина
Айнур Минибаев,Айнур Минибаев
Владимир Путин,Владимир Путин
Альбина Ханбекова,Альбина Ханбекова
Адель Гильмуллин,Адель Гильмуллин
Михаил Шульгин,Михаил Шульгин
Марсель Ганиев,Марсель Ганиев
Владислав Пищулин,Владислав Пищулин
Альберт Валиуллин,Альберт Валиуллин
Ильназ Фазлиахметов,Ильназ Фазлиахметов
Маргарита Свалова,Маргарита Свалова
Ирина Свалова,Ирина Свалова,Ирина
Рамиль Сабитов,Рамиль Сабитов
Марат Шихамов,Марат Шихамов
<Борис Моисеев,<Борис Моисеев
НАстя Блохина,НАстя Блохина
Халим Галимов,Халим Галимов
Ринат Галиев,Ринат Галиев
Тимур Сафин,Тимур Сафин
Булат Шарафутдинов,Булат Шарафутдинов
Ольга Тележникова,Ольга Тележникова
Альфия Гадыева,Альфия Гадыева
Светлана Гунбина,Светлана Гунбина
Катя Малкина,Катя Малкина
Гульназ Валиева,Гульназ Валиева
Лилия Камалеева,Лилия Камалеева
Амир Салахов,Амир Салахов
Александр Ермолаев,Александр Ермолаев
Кэти Перри,Кэти Перри
Дамир Абдуллин,Дамир Абдуллин
Марат Ситдиков,Марат Ситдиков
Дина Хайрутдинова,Дина Хайрутдинова
Наиль Шигапов,Наиль Шигапов
Арзамасов Глеб,Арзамасов Глеб
Стас Мухаметшин,Стас Мухаметшин
???? ??????????,???? ??????????
????????? ????,????????? ????
Юнир Муллаяров,Юнир Муллаяров
Линар Гиниятуллин,Линар Гиниятуллин
Сергей Чискидов,Сергей Чискидов
Румиль Равилевич,Румиль Равилевич
Дмитрий Ермаков,Дмитрий Ермаков
Юрий Герасимов,Юрий Герасимов
Люаза Этезова,Люаза Этезова
?????? ?????????,?????? ?????????
???????? ?????????,???????? ?????????
Арслан Юсифов,Арслан Юсифов
Дмитрий Державин,Дмитрий Державин
Антон Алексеев,Антон Алексеев
Максим Иванов,Максим Иванов
Анастасия Ткаченко,Анастасия Ткаченко
Артур Мухаметов,Артур Мухаметов
Шухрат Азимуратов,Шухрат Азимуратов
Наруто,Наруто
Шункаров Ильнур,Шункаров Ильнур
Люция Назипова,Люция Назипова
Лилия Шарапова,Лилия Шарапова
Ксения Боронилова,Ксения Боронилова
Дарья Лаврова,Дарья Лаврова
???? ??????,???? ??????
???? ??????,???? ??????
Artur Kurbanov,Artur Kurbanov
Ильнур Шункаров,Ильнур Шункаров
Дмитрий Михеев,Дмитрий Михеев
Ильсур Хурматов,Ильсур Хурматов
Максим,Максим
Ильшат Закиров,Ильшат Закиров
Ильназ Фаррахов,Ильназ Фаррахов
Артур Валиуллин,Артур Валиуллин
Ринат Ахметов,Ринат Ахметов
Булгаков Артур,Булгаков Артур
Галеева Фарида,Галеева Фарида
Лия,Лия
Ира Свалова,Ира Свалова
Алия Закирова,Алия Закирова
Альбина Яркеева,Альбина Яркеева
Айрат Заляев,Айрат Заляев
Виталий Глинский,Виталий Глинский
Ольга Инеева,Ольга Инеева
Александр Кунцевич,Александр Кунцевич
Айдар Хакимзянов,Айдар Хакимзянов
Александр Орлов,Александр Орлов
Рамис Римович,Рамис Римович
Ляйсан Зиннуровна,Ляйсан Зиннуровна
Игорь Савельев,Игорь Савельев
Боробов Павел,Боробов Павел
Игорь Синицин,Игорь Синицин
Марат Арсланов,Марат Арсланов
???? ????????????,???? ????????????
????? ???????,????? ???????
Хакимзянов Айдар,Хакимзянов Айдар
Булгакова Диана,Булгакова Диана